UniProt ID	PDB ID	Coverage	Chain ID	PDB Start	PDB End	Uniprot Start	Uniprot End
P07998	2e0j	1.0	A	2	129	29	156
Q8WV92	2ymb	1.0	A	9	257	1	249
P04271	5d7f	1.0	A	1	92	1	92
Q8WXG8	5hyd	1.0	A	1	99	1	99
P04839	8wej	1.0	B	1	570	1	570
P41223	8c6j	1.0	L	1	144	1	144
Q13371	8shg	1.0	P	1	301	1	301
P05556	7nwl	1.0	B	1	778	21	798
Q8WVS4	6sc2	1.0	C	1	1066	1	1066
P06213	8u4c	1.0	A	1	1382	1	1382
P06702	4ggf	1.0	C	1	114	1	114
P39687	8rn0	1.0	G	27	275	1	249
P06746	8vfg	1.0	A	1	335	1	335
P07358	8b0f	1.0	D	1	591	1	591
P37198	7r5k	1.0	J0	1	522	1	522
P35858	7wrq	1.0	A	1	578	28	605
Q8TE73	8j07	1.0	n0	1	4624	1	4624
P07737	6nbe	1.0	P	1	140	1	140
P07992	6sxa	1.0	G	1	297	1	297
Q8TDU6	9gyo	1.0	R	141	470	1	330
Q8TBY9	8j07	1.0	d2	1	1149	1	1149
P08397	7aak	1.0	A	3	363	1	361
P08842	8eg3	1.0	A	1	583	1	583
Q8TAI7	3oes	1.0	A	19	201	1	183
P08865	8glp	1.0	SA	1	295	1	295
P09237	2mze	1.0	A	1	250	18	267
P36222	8r4x	1.0	A	1	383	1	383
P09601	6eha	1.0	A	1	288	1	288
P04114	9coo	1.0	A	1	4563	1	4563
Q8WYQ5	9asm	1.0	B	1	773	1	773
P03951	6i58	1.0	A	1	607	19	625
P03915	5xtc	1.0	l	1	603	1	603
Q96L91	8qr1	1.0	A	1	3159	1	3159
Q96L50	7plo	1.0	O	1	414	1	414
O95749	9csl	1.0	A	23	322	1	300
Q96FJ2	2xqq	1.0	A	1	89	1	89
P46089	8ww2	1.0	R	1	330	1	330
O95995	8j07	1.0	0	1	478	1	478
P00441	8ccx	1.0	A	1	154	1	154
P00492	5hia	1.0	A	7	224	1	218
P25311	1t7v	1.0	A	1	278	21	298
P46060	9b62	1.0	G	5	591	1	587
Q96EY7	7qi4	1.0	A4	1	689	1	689
Q96EM0	7qpo	1.0	A	22	375	1	354
P45844	7fdv	1.0	A	1	678	1	678
P43686	8usb	1.0	D	1	418	1	418
Q96AB6	6a0e	1.0	A	1	310	1	310
Q969T7	7zee	1.0	A	3	302	1	300
Q92887	9c12	1.0	A	1	1545	1	1545
Q92688	8r1l	1.0	D	1	251	1	251
Q13347	6zp4	1.0	I	1	325	1	325
P02749	6v06	1.0	A	1	326	20	345
P02750	8h24	1.0	A	1	347	1	347
P02768	8rco	1.0	A	1	609	1	609
P02774	1kxp	1.0	D	1	458	17	474
P41587	7vqx	1.0	R	1	415	24	438
Q92466	6r8z	1.0	L	5	431	1	427
P09661	7evo	1.0	F	1	255	1	255
Q13740	5a2f	1.0	A	1	583	1	583
O95633	3b4v	1.0	C	1	237	27	263
Q5UCC4	7ado	1.0	I	3	263	2	262
P29350	3ps5	1.0	A	1	595	1	595
Q6PXP3	9j2n	1.0	A	1	512	1	512
P17516	2fvl	1.0	A	2	324	1	323
Q6P179	5ab0	1.0	A	1	960	1	960
P19397	6wvg	1.0	A	143	361	1	219
P29034	4duq	1.0	A	1	98	1	98
Q15061	7mqa	1.0	LK	1	677	1	677
Q69YN4	7vf2	1.0	A	1	1812	1	1812
Q15369	8c13	1.0	K	1	112	1	112
P28325	1roa	1.0	A	1	122	21	142
P28289	8f8t	1.0	T	1	359	1	359
Q66K64	8roy	1.0	A	4	603	1	600
Q5S007	8tze	1.0	A	1	2527	1	2527
Q8NFH3	4i79	1.0	A	20	399	1	380
P28161	2c4j	1.0	A	1	218	1	218
Q5JVL4	7ung	1.0	T	1	640	1	640
Q5JU00	8j07	1.0	5	1	501	1	501
Q4LDG9	8j07	1.0	m3	1	190	1	190
Q4G0W2	5y15	1.0	A	22	197	1	176
Q494V2	8j07	1.0	j4	1	611	1	611
Q38SD2	8fac	1.0	A	34	2048	1	2015
Q2I0M4	8vaz	1.0	E	1	334	1	334
Q15831	8vsu	1.0	C	17	449	1	433
Q15435	6hkw	1.0	A	4	363	1	360
Q15404	7lt8	1.0	A	4	280	1	277
Q15393	7q4o	1.0	C	1	1217	1	1217
Q7L1W4	6m04	1.0	A	1	858	1	858
P29401	4kxv	1.0	A	1	623	1	623
Q8IVV7	7nsc	1.0	D	1	300	1	300
P14770	8wfs	1.0	E	1	161	17	177
Q14353	3orh	1.0	A	1	236	1	236
Q8NEZ3	8bbg	1.0	A	1	1342	1	1342
P32780	7egb	1.0	1	1	548	1	548
P32239	7xow	1.0	R	1	447	1	447
P31327	6uel	1.0	A	1	1500	1	1500
P30419	1rxt	1.0	A	1	496	1	496
Q14562	8c6j	1.0	V	1	1220	1	1220
Q8N2C7	7sx3	1.0	E	1	3258	1	3258
P10600	8vs6	1.0	E	1	389	24	412
P30101	3f8u	1.0	A	1	481	25	505
Q14839	6ryr	1.0	W	4	1927	1	1912
P11279	8fyf	1.0	C	1	417	1	417
Q8N1G4	6zxg	1.0	k	1	583	1	583
P11766	1mc5	1.0	A	1	374	1	374
P11908	7yk1	1.0	A	1	318	1	318
Q8N104	2lwl	1.0	A	5	49	21	65
P12429	1aii	1.0	A	1	323	1	323
P13224	8wfs	1.0	B	1	181	26	206
P13489	1z7x	1.0	W	1	461	1	461
Q8IZ02	8j07	1.0	w	1	464	1	464
P13569	7svd	1.0	A	1	1480	1	1480
Q8IWT6	5zsu	1.0	A	1	810	1	810
P13727	7y5n	1.0	A	1	222	1	222
Q8IWA0	7mqa	1.0	LH	1	830	1	830
P14678	7evo	1.0	f	1	240	1	240
Q96LI5	7voi	1.0	C	1	555	1	555
P00747	4dur	1.0	A	1	791	20	810
Q9NWU5	7of0	1.0	T	1	206	1	206
P52895	4jtr	1.0	A	1	323	1	323
Q9P2L0	8bbe	1.0	E	4	1184	1	1181
O15305	7o58	1.0	A	3	248	1	246
O15335	5lfn	1.0	A	1	337	23	359
O15392	2qfa	1.0	A	1	142	1	142
O15455	7wv3	1.0	A	1	881	24	904
P54619	8bik	1.0	C	1	331	1	331
Q04828	3c3u	1.0	A	1	323	1	323
O15514	9ehz	1.0	D	1	142	1	142
P53041	8gae	1.0	E	5	503	1	499
Q9NZD2	3rzn	1.0	A	1	209	1	209
Q9NYK1	7cyn	1.0	A	1	1049	1	1049
P52848	8cd0	1.0	A	1	882	1	882
Q03188	7xho	1.0	C	1	943	1	943
O43543	8faz	1.0	X	1	280	1	280
P52298	1h2v	1.0	Z	1	156	1	156
Q13336	8xdf	1.0	A	1	389	1	389
Q9NWT6	7a1q	1.0	A	1	349	1	349
O60232	6hcz	1.0	A	1	199	1	199
Q9NVX2	8fl3	1.0	NJ	1	485	1	485
Q9NV88	8rc4	1.0	i	1	658	1	658
Q9NRG1	2jbh	1.0	A	1	225	1	225
Q9NRD9	7d3f	1.0	A	1	1551	1	1551
O60486	6vxk	1.0	B	1	1534	35	1568
Q06265	9g8m	1.0	K	5	443	1	439
O15118	6w5s	1.0	A	1	1278	1	1278
Q9UHV9	7wu7	1.0	2	1	154	1	154
Q9NQ55	8fkq	1.0	NN	1	473	1	473
Q9UQ13	7upi	1.0	C	2	583	1	582
A0PK00	7f73	1.0	A	283	621	1	339
Q9Y5Q9	8clk	1.0	D	1	886	1	886
Q9Y5J6	7cgp	1.0	J	1	103	1	103
P61421	6wlw	1.0	Q	1	351	1	351
Q9Y3D3	7qi4	1.0	AM	1	137	1	137
Q9Y3A3	7k36	1.0	H	1	225	1	225
Q9Y2M0	9gy0	1.0	A	5	1021	1	1017
P61758	7wu7	1.0	3	1	197	1	197
Q9Y262	8ppl	1.0	I5	1	564	1	564
P62807	7r5r	1.0	D	1	126	1	126
Q9UQE7	6wge	1.0	B	1	1217	1	1217
Q9UPY3	7xw2	1.0	A	1	1922	1	1922
Q9UIC8	3iei	1.0	A	1	334	1	334
Q9UM13	9gaw	1.0	L	1	185	1	185
Q9UM11	9gaw	1.0	R	1	496	1	496
Q9ULM6	7ax1	1.0	A	7	563	1	557
Q9UKT7	4i6j	1.0	B	1	428	1	428
Q9UKL6	7u9d	1.0	A	1	214	1	214
P62857	8glp	1.0	Sc	1	69	1	69
Q9UKC9	6o60	1.0	C	2	424	1	423
P80511	2m9g	1.0	A	1	92	1	92
P83369	8g1u	1.0	D	1	360	1	360
O00487	8usb	1.0	c	1	310	1	310
Q9UJX4	9gaw	1.0	O	1	755	1	755
P51797	8jpo	1.0	A	1	869	1	869
P23945	8i2g	1.0	R	1	678	18	695
Q9GZT3	8any	1.0	A6	1	109	1	109
P49366	6xxj	1.0	A	1	369	1	369
Q99983	5yq5	1.0	A	19	419	21	421
Q9HAW0	9fso	1.0	S	1	419	1	419
Q9H668	8soj	1.0	B	682	1049	1	368
P49683	9k27	1.0	A	1	370	1	370
Q9H0W8	7pw8	1.0	C	1	520	1	520
P48995	8wpl	1.0	A	5	797	1	793
Q9H069	8j07	1.0	3	1	523	1	523
P49207	8a3d	1.0	a	1	117	1	117
Q9BPZ7	7vvb	1.0	B	1	522	1	522
Q9NPP4	8fvu	1.0	B	7	1030	1	1024
O75794	8phv	1.0	A	21	356	1	336
O75817	6cwx	1.0	A	3	142	1	140
Q9GZS0	8j07	1.0	m2	1	605	1	605
O75838	8xoq	1.0	A	64	250	1	187
Q99497	2rk3	1.0	A	1	189	1	189
Q9C000	6x6c	1.0	E	1	1473	1	1473
O75923	9b8k	1.0	A	1	2080	1	2080
Q13309	7z8v	1.0	F	3	426	1	424
Q12792	7ccc	1.0	B	1	350	1	350
Q9BXB1	8xum	1.0	A	1	951	1	951
P49770	7vlk	1.0	C	1	351	1	351
Q96P20	9mgy	1.0	C	1	1036	1	1036
Q07960	6r3v	1.0	A	1	439	1	439
Q13111	8iqg	1.0	A	1	956	1	956
Q99986	7tan	1.0	K	3	398	1	396
Q06828	5mx0	1.0	A	4	362	18	376
Q9HCK5	6oon	1.0	A	3	863	1	861
Q9HCY8	2m0r	1.0	A	1	104	1	104
O60925	7wu7	1.0	1	1	122	1	122
Q13075	8fvu	1.0	A	7	1409	1	1403
Q9BVQ7	8rhn	1.0	I	25	777	1	753
Q96QT6	8c60	1.0	C	1	1004	1	1004
O60829	6urq	1.0	C	1	102	1	102
Q9NP81	8ffy	1.0	A	1	518	1	518
Q96QK1	7bln	1.0	A	1	796	1	796
Q9UL63	8ttq	0.999	A	22	755	2	735
P22888	7fih	0.999	R	18	689	28	699
P17655	1kfu	0.999	L	1	699	2	700
Q9BSA4	7p54	0.998	A	2	534	2	534
O60602	3j0a	0.998	A	1	836	23	858
Q01101	3zms	0.998	C	1	509	2	510
Q8TDW0	8rts	0.996	A	3	802	2	801
O95970	5y31	0.996	B	17	537	37	557
Q03013	4gtu	0.995	A	1	217	2	218
P37235	5t7c	0.995	A	2	193	2	193
Q9NZG7	8szb	0.993	A	27	167	2	142
P55008	2g2b	0.993	A	5	150	2	147
Q9UM54	8w41	0.993	A	1	1285	1	1294
P41597	6gps	0.989	A	1	424	2	374
P01704	6sm1	0.98	A	3	101	20	118
Q06210	6r4h	0.974	A	1	687	1	699
O00411	7pzr	0.968	A	21	1211	40	1230
P22352	2r37	0.966	A	2	200	25	223
P17927	2q7z	0.966	A	1	1931	42	1972
Q16647	3b6h	0.966	A	8	490	18	500
P14854	5z62	0.953	H	1	82	5	86
P02679	3ghg	0.953	C	1	407	27	433
P59047	8x7v	0.953	A	388	1530	58	1200
P25791	4kfz	0.949	A	1	150	9	158
Q14392	6gff	0.947	I	1	609	20	628
Q9HBX9	7tmw	0.945	R	22	736	23	737
Q99467	3b2d	0.945	A	1	603	24	626
P48061	4uai	0.944	A	1	68	22	89
Q05823	4oav	0.943	B	1	699	21	719
P16473	7utz	0.933	R	8	701	21	764
Q9UHN6	8c6i	0.924	A	24	1301	106	1383
P08476	5hly	0.919	A	11	383	30	426
P11177	1ni4	0.916	B	13	341	31	359
Q12931	7klv	0.916	A	7	651	60	704
Q86YC3	7y1r	0.914	E	1	647	3	649
Q96I99	6wcv	0.914	B	1	395	38	432
Q07817	8fy0	0.91	D	21	232	1	212
O95639	8e3i	0.907	C	2	245	1	269
Q99523	6x3l	0.906	A	1	756	1	756
Q6P5Q4	4rwt	0.905	C	12	506	1	547
Q9UBC3	6pa7	0.903	N	1	770	1	853
P06126	5j1a	0.897	A	1	295	1	295
Q9NXA8	7x3p	0.894	A	1	277	34	310
P07204	7t4r	0.894	A	1	516	1	516
Q96BZ4	8v08	0.883	A	42	488	60	506
P08571	4glp	0.871	A	1	310	26	335
Q9UGB7	2ibn	0.87	A	3	250	38	285
Q00059	6hc3	0.866	A	4	216	34	246
P28067	2bc4	0.864	A	1	203	27	229
P36957	6h05	0.852	A	41	426	68	453
Q6NYC1	6gdy	0.851	A	1	343	1	343
O94923	6i01	0.843	A	8	527	98	617
P05155	7akv	0.843	A	1	403	98	500
P61923	2hf6	0.842	A	1	149	1	149
P61018	2o52	0.836	A	23	200	6	183
Q9BXP5	8pmp	0.832	D	1	729	148	876
Q8WVQ1	2h2n	0.83	A	7	339	69	401
P61020	2hei	0.823	A	3	179	15	191
Q96FE5	4oqt	0.822	A	1	478	40	517
O43676	5xtc	0.816	Z	1	80	10	89
Q9UBU9	6e5u	0.814	A	5	508	116	619
Q8WTS6	1n6c	0.811	A	1	297	70	366
Q8WXF7	7ol3	0.805	A	1	450	1	449
P26951	5uwc	0.8	G	1	288	20	307
Q13620	4a0c	0.791	C	20	741	192	913
Q9Y255	6i3v	0.79	B	10	182	1	173
Q9NR97	9mhw	0.789	A	1	801	27	827
Q8NBF2	6gc1	0.788	A	8	579	1	572
Q9Y4P8	7f69	0.769	A	5	353	13	379
P49675	3p0l	0.768	A	3	221	66	284
Q8IUC6	9dk8	0.765	A	1	545	1	545
P51148	4kyi	0.764	B	6	170	18	182
A6NI73	2d3v	0.76	A	1	196	42	237
Q5QGZ9	8w9j	0.758	C	3	203	65	265
Q15063	5yjg	0.748	A	10	619	22	631
Q9NQG6	4nxt	0.745	A	3	347	119	463
O00206	4g8a	0.743	A	21	627	23	629
Q13641	4cnm	0.735	A	4	289	60	345
Q9BUD6	3d34	0.731	A	1	223	27	249
P20674	5z62	0.727	E	1	109	42	150
Q6IQ22	8vh5	0.721	B	1	176	36	211
O00571	8ssw	0.719	A	1	476	132	607
Q9UKA1	6vcd	0.712	B	1	492	200	691
Q8N2G4	6zss	0.711	A	1	86	22	107
P43629	9bl4	0.707	G	1	299	22	320
O43300	5z8x	0.704	A	1	340	34	373
Q99962	2d4c	0.702	A	6	256	1	247
Q8N2Q7	5ojk	0.7	A	4	576	46	658
P53992	3eh2	0.7	A	1	766	329	1094
